{
  "Category": {
    "10": {
      "Name": "Salchipapas",
      "Image": "https://e.rpp-noticias.io/normal/2019/05/14/513851_789110.jpg"
    },
    "11": {
      "Name": "Desgranados",
      "Image": "https://i.ytimg.com/vi/okY7jdSj_XM/hqdefault.jpg"
    },
    "12": {
      "Name": "Adiciones",
      "Image": "http://www.cocinacaserayfacil.net/wp-content/uploads/2014/12/patatas-fritas-crujientes.jpg"
    },
    "13": {
      "Name": "Bebidas",
      "Image": "https://otisushi.com/wp-content/uploads/2017/11/latas.jpg"
    },
    "01": {
      "Name": "Hamburguesas",
      "Image": "https://cdn-3.expansion.mx/dims4/default/9cddfd7/2147483647/strip/true/crop/1500x998+0+0/resize/800x532!/quality/90/?url=https%3A%2F%2Fcdn-3.expansion.mx%2Fe7%2F86%2F49b6f9b24d3b9dd50eebc1b06562%2Fistock-907077304.jpg"
    },
    "02": {
      "Name": "Perros",
      "Image": "https://www.cocinayvino.com/wp-content/uploads/2017/06/perrocontodo.jpg"
    },
    "03": {
      "Name": "Pizzas",
      "Image": "https://imagenes.milenio.com/CU287W9FW_sUIP1hV9nKcYoMLd0=/958x596/https://www.milenio.com/uploads/media/2019/06/03/no-hay-quien-se-resista.jpg"
    },
    "04": {
      "Name": "Picadas",
      "Image": "http://www.unacolombianaencalifornia.com/wp-content/uploads/2019/06/Picada-de-carnes-Rumba-Meats.jpg"
    },
    "05": {
      "Name": "Patacones",
      "Image": "http://www.recetasfusion.com/wp-content/uploads/2018/10/Patacones-Maduros-Sin-Aceite.jpg"
    },
    "06": {
      "Name": "Ensaladas",
      "Image": "https://www.hogarmania.com/archivos/201903/ensalada-patata-xl2-848x477x80xX.jpg"
    },
    "07": {
      "Name": "Asados",
      "Image": "https://media-cdn.tripadvisor.com/media/photo-s/0f/05/a4/63/el-billy-asados-al-carbon.jpg"
    },
    "08": {
      "Name": "Mazorcas",
      "Image": "https://ep01.epimg.net/elcomidista/imagenes/2017/10/24/receta/1508846212_748256_1508846848_media_normal.jpg"
    },
    "09": {
      "Name": "Sándwiches",
      "Image": "https://foremangrillrecipes.com/wp-content/uploads/2012/11/turkey-panini-foreman-grill.jpg"
    }
  }, 
  "User" : {
    "098123366" : {
      "name" : "El Bromas",
      "password" : "12345"
    },
    "0988123344" : {
      "Name" : "Eddydn",
      "Password" : "1234"
    },
    "0988123355" : {
      "Name" : "Alejandro",
      "Password" : "1357"
    },
    "3003223469" : {
      "name" : "Bruh",
      "password" : "1234567"
    },
    "3046521279" : {
      "name" : "John Doe",
      "password" : "1234"
    }
  },
  "Foods": {
    "10": {
      "Name": "Picada Pollo Carne",
      "Image": "https://cdn.shopify.com/s/files/1/0739/4997/products/PIN-FAKEOUT_1424x.progressive.jpg?v=1546645613",
      "Description": "Picada de pollo y carne",
      "Price": "14.000",
      "Discount": "0",
      "MenuId": "04"
    },
    "11": {
      "Name": "Picada Dokis",
      "Image": "https://cdn.shopify.com/s/files/1/0739/4997/products/PIN-FAKEOUT_1424x.progressive.jpg?v=1546645613",
      "Description": "Picada al estilo Dokis",
      "Price": "16.500",
      "Discount": "0",
      "MenuId": "04"
    },
    "12": {
      "Name": "Picada Chori-Butifarra",
      "Image": "https://cdn.shopify.com/s/files/1/0739/4997/products/PIN-FAKEOUT_1424x.progressive.jpg?v=1546645613",
      "Description": "Picada de chorizo y butifarra",
      "Price": "15.000",
      "Discount": "0",
      "MenuId": "04"
    },
    "13": {
      "Name": "Patacón mixto",
      "Image": "https://cdn.shopify.com/s/files/1/0739/4997/products/PIN-FAKEOUT_1424x.progressive.jpg?v=1546645613",
      "Description": "Patacón mixto de pollo y carne",
      "Price": "12.500",
      "Discount": "0",
      "MenuId": "05"
    },
    "14": {
      "Name": "Patacón Dokis",
      "Image": "https://cdn.shopify.com/s/files/1/0739/4997/products/PIN-FAKEOUT_1424x.progressive.jpg?v=1546645613",
      "Description": "Patacón al estilo Dokis",
      "Price": "15.000",
      "Discount": "0",
      "MenuId": "05"
    },
    "15": {
      "Name": "Chorizo butifarra",
      "Image": "https://cdn.shopify.com/s/files/1/0739/4997/products/PIN-FAKEOUT_1424x.progressive.jpg?v=1546645613",
      "Description": "Patacón con chorizo y butifarra",
      "Price": "12.500",
      "Discount": "0",
      "MenuId": "05"
    },
    "16": {
      "Name": "Pollo",
      "Image": "https://cdn.shopify.com/s/files/1/0739/4997/products/PIN-FAKEOUT_1424x.progressive.jpg?v=1546645613",
      "Description": "Ensalada de Pollo",
      "Price": "9.500",
      "Discount": "0",
      "MenuId": "06"
    },
    "17": {
      "Name": "Lomito",
      "Image": "https://cdn.shopify.com/s/files/1/0739/4997/products/PIN-FAKEOUT_1424x.progressive.jpg?v=1546645613",
      "Description": "Ensalada de Lomito",
      "Price": "10.000",
      "Discount": "0",
      "MenuId": "06"
    },
    "18": {
      "Name": "Chorizo",
      "Image": "https://cdn.shopify.com/s/files/1/0739/4997/products/PIN-FAKEOUT_1424x.progressive.jpg?v=1546645613",
      "Description": "Ensalada de Chorizo",
      "Price": "9.000",
      "Discount": "0",
      "MenuId": "06"
    },
    "19": {
      "Name": "Carne",
      "Image": "https://cdn.shopify.com/s/files/1/0739/4997/products/PIN-FAKEOUT_1424x.progressive.jpg?v=1546645613",
      "Description": "Asado de carne",
      "Price": "18.000",
      "Discount": "0",
      "MenuId": "07"
    },
    "20": {
      "Name": "Pechuga",
      "Image": "https://cdn.shopify.com/s/files/1/0739/4997/products/PIN-FAKEOUT_1424x.progressive.jpg?v=1546645613",
      "Description": "Asado de pechuga",
      "Price": "18.000",
      "Discount": "0",
      "MenuId": "07"
    },
    "21": {
      "Name": "Trifásico",
      "Image": "https://cdn.shopify.com/s/files/1/0739/4997/products/PIN-FAKEOUT_1424x.progressive.jpg?v=1546645613",
      "Description": "Asado Trifásico",
      "Price": "20.000",
      "Discount": "0",
      "MenuId": "07"
    },
    "22": {
      "Name": "Sencilla",
      "Image": "https://cdn.shopify.com/s/files/1/0739/4997/products/PIN-FAKEOUT_1424x.progressive.jpg?v=1546645613",
      "Description": "Mazorca sencilla",
      "Price": "8.500",
      "Discount": "0",
      "MenuId": "08"
    },
    "23": {
      "Name": "Pollo-carne",
      "Image": "https://cdn.shopify.com/s/files/1/0739/4997/products/PIN-FAKEOUT_1424x.progressive.jpg?v=1546645613",
      "Description": "Mazorca de pollo y carne",
      "Price": "14.500",
      "Discount": "0",
      "MenuId": "08"
    },
    "24": {
      "Name": "Super Especial Dokis",
      "Image": "https://cdn.shopify.com/s/files/1/0739/4997/products/PIN-FAKEOUT_1424x.progressive.jpg?v=1546645613",
      "Description": "Mazorca super especial dokis",
      "Price": "18.000",
      "Discount": "0",
      "MenuId": "08"
    },
    "25": {
      "Name": "Cubano",
      "Image": "https://cdn.shopify.com/s/files/1/0739/4997/products/PIN-FAKEOUT_1424x.progressive.jpg?v=1546645613",
      "Description": "Sándwich cubano",
      "Price": "15.500",
      "Discount": "0",
      "MenuId": "09"
    },
    "26": {
      "Name": "Especial",
      "Image": "https://cdn.shopify.com/s/files/1/0739/4997/products/PIN-FAKEOUT_1424x.progressive.jpg?v=1546645613",
      "Description": "Sándwich de pollo y carne",
      "Price": "12.000",
      "Discount": "0",
      "MenuId": "09"
    },
    "27": {
      "Name": "Especial Dokis",
      "Image": "https://cdn.shopify.com/s/files/1/0739/4997/products/PIN-FAKEOUT_1424x.progressive.jpg?v=1546645613",
      "Description": "Sándwich especial al estilo Dokis",
      "Price": "14.000",
      "Discount": "0",
      "MenuId": "09"
    },
    "28": {
      "Name": "Sencilla",
      "Image": "https://cdn.shopify.com/s/files/1/0739/4997/products/PIN-FAKEOUT_1424x.progressive.jpg?v=1546645613",
      "Description": "Salchipapa sencilla",
      "Price": "7.500",
      "Discount": "0",
      "MenuId": "10"
    },
    "29": {
      "Name": "Ranchera",
      "Image": "https://cdn.shopify.com/s/files/1/0739/4997/products/PIN-FAKEOUT_1424x.progressive.jpg?v=1546645613",
      "Description": "Salchipapa ranchera",
      "Price": "9.500",
      "Discount": "0",
      "MenuId": "10"
    },
    "30": {
      "Name": "Trifásica",
      "Image": "https://cdn.shopify.com/s/files/1/0739/4997/products/PIN-FAKEOUT_1424x.progressive.jpg?v=1546645613",
      "Description": "Salchipapa trifásica",
      "Price": "11.000",
      "Discount": "0",
      "MenuId": "10"
    },
    "31": {
      "Name": "Pollo",
      "Image": "https://cdn.shopify.com/s/files/1/0739/4997/products/PIN-FAKEOUT_1424x.progressive.jpg?v=1546645613",
      "Description": "Desgranado de pollo",
      "Price": "12.500",
      "Discount": "0",
      "MenuId": "11"
    },
    "32": {
      "Name": "Pollo-carne",
      "Image": "https://cdn.shopify.com/s/files/1/0739/4997/products/PIN-FAKEOUT_1424x.progressive.jpg?v=1546645613",
      "Description": "Desgranado de pollo y carne",
      "Price": "14.000",
      "Discount": "0",
      "MenuId": "11"
    },
    "33": {
      "Name": "Dokis",
      "Image": "https://cdn.shopify.com/s/files/1/0739/4997/products/PIN-FAKEOUT_1424x.progressive.jpg?v=1546645613",
      "Description": "Desgranado al estilo Dokis",
      "Price": "16.500",
      "Discount": "0",
      "MenuId": "11"
    },
    "34": {
      "Name": "Papas francesa",
      "Image": "https://cdn.shopify.com/s/files/1/0739/4997/products/PIN-FAKEOUT_1424x.progressive.jpg?v=1546645613",
      "Description": "Adición de papas a la francesa",
      "Price": "5.000",
      "Discount": "0",
      "MenuId": "12"
    },
    "35": {
      "Name": "Maíz",
      "Image": "https://cdn.shopify.com/s/files/1/0739/4997/products/PIN-FAKEOUT_1424x.progressive.jpg?v=1546645613",
      "Description": "Adición de maíz",
      "Price": "5.500",
      "Discount": "0",
      "MenuId": "12"
    },
    "36": {
      "Name": "Queso gratinado",
      "Image": "https://cdn.shopify.com/s/files/1/0739/4997/products/PIN-FAKEOUT_1424x.progressive.jpg?v=1546645613",
      "Description": "Adición de queso gratinado",
      "Price": "3.500",
      "Discount": "0",
      "MenuId": "12"
    },
    "37": {
      "Name": "Jugos hit",
      "Image": "https://cdn.shopify.com/s/files/1/0739/4997/products/PIN-FAKEOUT_1424x.progressive.jpg?v=1546645613",
      "Description": "",
      "Price": "5.000",
      "Discount": "0",
      "MenuId": "13"
    },
    "38": {
      "Name": "Fuze tea",
      "Image": "https://cdn.shopify.com/s/files/1/0739/4997/products/PIN-FAKEOUT_1424x.progressive.jpg?v=1546645613",
      "Description": "",
      "Price": "5.000",
      "Discount": "0",
      "MenuId": "13"
    },
    "39": {
      "Name": "Club Colombia",
      "Image": "https://cdn.shopify.com/s/files/1/0739/4997/products/PIN-FAKEOUT_1424x.progressive.jpg?v=1546645613",
      "Description": "",
      "Price": "5.500",
      "Discount": "0",
      "MenuId": "13"
    },
    "01": {
      "Name": "Combo de Carne",
      "Image": "https://cdn.shopify.com/s/files/1/0739/4997/products/PIN-FAKEOUT_1424x.progressive.jpg?v=1546645613",
      "Description": "Hamburguesa en combo de carne",
      "Price": "15.500",
      "Discount": "0",
      "MenuId": "01"
    },
    "02": {
      "Name": "Combo de pollo",
      "Image": "https://cdn.shopify.com/s/files/1/0739/4997/products/PIN-FAKEOUT_1424x.progressive.jpg?v=1546645613",
      "Description": "Hamburguesa en combo de pollo",
      "Price": "15.500",
      "Discount": "0",
      "MenuId": "01"
    },
    "03": {
      "Name": "Hamburguesa Dokis",
      "Image": "https://cdn.shopify.com/s/files/1/0739/4997/products/PIN-FAKEOUT_1424x.progressive.jpg?v=1546645613",
      "Description": "Hamburguesa al estilo Dokis",
      "Price": "12.500",
      "Discount": "0",
      "MenuId": "01"
    },
    "04": {
      "Name": "Sencillo",
      "Image": "https://cdn.shopify.com/s/files/1/0739/4997/products/PIN-FAKEOUT_1424x.progressive.jpg?v=1546645613",
      "Description": "Perro Sencillo",
      "Price": "4.500",
      "Discount": "0",
      "MenuId": "02"
    },
    "05": {
      "Name": "Italohawaiano",
      "Image": "https://cdn.shopify.com/s/files/1/0739/4997/products/PIN-FAKEOUT_1424x.progressive.jpg?v=1546645613",
      "Description": "Perro Italohawaiano",
      "Price": "8.000",
      "Discount": "0",
      "MenuId": "02"
    },
    "06": {
      "Name": "Super perro Dokis",
      "Image": "https://cdn.shopify.com/s/files/1/0739/4997/products/PIN-FAKEOUT_1424x.progressive.jpg?v=1546645613",
      "Description": "Perro Super al estilo Dokis",
      "Price": "15.500",
      "Discount": "0",
      "MenuId": "02"
    },
    "07": {
      "Name": "Jamón Queso",
      "Image": "https://cdn.shopify.com/s/files/1/0739/4997/products/PIN-FAKEOUT_1424x.progressive.jpg?v=1546645613",
      "Description": "Pizza de jamon y queso[small]",
      "Price": "12.500",
      "Discount": "0",
      "MenuId": "03"
    },
    "08": {
      "Name": "Pollo Tocineta",
      "Image": "https://cdn.shopify.com/s/files/1/0739/4997/products/PIN-FAKEOUT_1424x.progressive.jpg?v=1546645613",
      "Description": "Pizza de pollo y tocineta[small]",
      "Price": "16.000",
      "Discount": "0",
      "MenuId": "03"
    },
    "09": {
      "Name": "Pizza Dokis",
      "Image": "https://cdn.shopify.com/s/files/1/0739/4997/products/PIN-FAKEOUT_1424x.progressive.jpg?v=1546645613",
      "Description": "Pizza al estilo Dokis[small]",
      "Price": "22.000",
      "Discount": "0",
      "MenuId": "03"
    }
  }
}