{
  "Category": {
    "10": {
      "Name": "Salchipapas",
      "Image": "https://e.rpp-noticias.io/normal/2019/05/14/513851_789110.jpg"
    },
    "11": {
      "Name": "Desgranados",
      "Image": "https://i.ytimg.com/vi/okY7jdSj_XM/hqdefault.jpg"
    },
    "12": {
      "Name": "Adiciones",
      "Image": "http://www.cocinacaserayfacil.net/wp-content/uploads/2014/12/patatas-fritas-crujientes.jpg"
    },
    "13": {
      "Name": "Bebidas",
      "Image": "https://otisushi.com/wp-content/uploads/2017/11/latas.jpg"
    },
    "01": {
      "Name": "Hamburguesas",
      "Image": "https://cdn-3.expansion.mx/dims4/default/9cddfd7/2147483647/strip/true/crop/1500x998+0+0/resize/800x532!/quality/90/?url=https%3A%2F%2Fcdn-3.expansion.mx%2Fe7%2F86%2F49b6f9b24d3b9dd50eebc1b06562%2Fistock-907077304.jpg"
    },
    "02": {
      "Name": "Perros",
      "Image": "https://www.cocinayvino.com/wp-content/uploads/2017/06/perrocontodo.jpg"
    },
    "03": {
      "Name": "Pizzas",
      "Image": "https://imagenes.milenio.com/CU287W9FW_sUIP1hV9nKcYoMLd0=/958x596/https://www.milenio.com/uploads/media/2019/06/03/no-hay-quien-se-resista.jpg"
    },
    "04": {
      "Name": "Picadas",
      "Image": "http://www.unacolombianaencalifornia.com/wp-content/uploads/2019/06/Picada-de-carnes-Rumba-Meats.jpg"
    },
    "05": {
      "Name": "Patacones",
      "Image": "http://www.recetasfusion.com/wp-content/uploads/2018/10/Patacones-Maduros-Sin-Aceite.jpg"
    },
    "06": {
      "Name": "Ensaladas",
      "Image": "https://www.hogarmania.com/archivos/201903/ensalada-patata-xl2-848x477x80xX.jpg"
    },
    "07": {
      "Name": "Asados",
      "Image": "https://media-cdn.tripadvisor.com/media/photo-s/0f/05/a4/63/el-billy-asados-al-carbon.jpg"
    },
    "08": {
      "Name": "Mazorcas",
      "Image": "https://ep01.epimg.net/elcomidista/imagenes/2017/10/24/receta/1508846212_748256_1508846848_media_normal.jpg"
    },
    "09": {
      "Name": "Sándwiches",
      "Image": "https://foremangrillrecipes.com/wp-content/uploads/2012/11/turkey-panini-foreman-grill.jpg"
    }
  }, 
  "User" : {
    "098123366" : {
      "name" : "El Bromas",
      "password" : "12345"
    },
    "0988123344" : {
      "Name" : "Eddydn",
      "Password" : "1234"
    },
    "0988123355" : {
      "Name" : "Alejandro",
      "Password" : "1357"
    },
    "3003223469" : {
      "name" : "Bruh",
      "password" : "1234567"
    },
    "3046521279" : {
      "name" : "John Doe",
      "password" : "1234"
    }
  }
}