{
  "Category" : {
    "01" : {
      "Image" : "https://cdn-3.expansion.mx/dims4/default/9cddfd7/2147483647/strip/true/crop/1500x998+0+0/resize/800x532!/quality/90/?url=https%3A%2F%2Fcdn-3.expansion.mx%2Fe7%2F86%2F49b6f9b24d3b9dd50eebc1b06562%2Fistock-907077304.jpg",
      "Name" : "Hamburguesas"
    },
    "02" : {
      "Image" : "https://www.cocinayvino.com/wp-content/uploads/2017/06/perrocontodo.jpg",
      "Name" : "Perros"
    },
    "03" : {
      "Image" : "https://imagenes.milenio.com/CU287W9FW_sUIP1hV9nKcYoMLd0=/958x596/https://www.milenio.com/uploads/media/2019/06/03/no-hay-quien-se-resista.jpg",
      "Name" : "Pizzas"
    },
    "04" : {
      "Image" : "https://media-cdn.tripadvisor.com/media/photo-s/12/4f/c6/69/picada-aguardientera.jpg",
      "Name" : "Picadas"
    },
    "05" : {
      "Image" : "https://img-global.cpcdn.com/recipes/efa73a7068852b76/751x532cq70/patacones-con-sabor-de-ajo-y-limon-foto-principal.jpg",
      "Name" : "Patacones"
    },
    "06" : {
      "Image" : "https://www.hogarmania.com/archivos/201903/ensalada-patata-xl2-848x477x80xX.jpg",
      "Name" : "Ensaladas"
    },
    "07" : {
      "Image" : "https://media-cdn.tripadvisor.com/media/photo-s/0f/05/a4/63/el-billy-asados-al-carbon.jpg",
      "Name" : "Asados"
    },
    "08" : {
      "Image" : "https://ep01.epimg.net/elcomidista/imagenes/2017/10/24/receta/1508846212_748256_1508846848_media_normal.jpg",
      "Name" : "Mazorcas"
    },
    "09" : {
      "Image" : "https://foremangrillrecipes.com/wp-content/uploads/2012/11/turkey-panini-foreman-grill.jpg",
      "Name" : "Sándwiches"
    },
    "10" : {
      "Image" : "https://e.rpp-noticias.io/normal/2019/05/14/513851_789110.jpg",
      "Name" : "Salchipapas"
    },
    "11" : {
      "Image" : "https://i.ytimg.com/vi/okY7jdSj_XM/hqdefault.jpg",
      "Name" : "Desgranados"
    },
    "12" : {
      "Image" : "https://hamburguesasgarfields.com/wp-content/uploads/2018/01/French-Fries-french-fries-1-1-862x582.jpg",
      "Name" : "Adiciones"
    },
    "13" : {
      "Image" : "https://otisushi.com/wp-content/uploads/2017/11/latas.jpg",
      "Name" : "Bebidas"
    }
  },
  "Foods" : {
    "01" : {
      "Description" : "Hamburguesa de carne con papas fritas y bebida",
      "Discount" : "0",
      "Image" : "https://9amdesayuno.com/wp-content/uploads/2018/10/Desayunos9Am_-58.jpg",
      "MenuId" : "01",
      "Name" : "Combo de Carne",
      "Price" : "15500"
    },
    "02" : {
      "Description" : "Hamburguesa de pollo apanado con papas fritas y bebida",
      "Discount" : "0",
      "Image" : "http://www.polloscarioca.com/images/seleccion-interno/combo3.jpg",
      "MenuId" : "01",
      "Name" : "Combo de pollo",
      "Price" : "15500"
    },
    "03" : {
      "Description" : "Hamburguesa al estilo Dokis",
      "Discount" : "0",
      "Image" : "https://encrypted-tbn0.gstatic.com/images?q=tbn:ANd9GcQBG2bYkRW9h-Kj_UyL2HqSAco0adlvL8M2TVkMiH7s-dArUe42&s",
      "MenuId" : "01",
      "Name" : "Hamburguesa Dokis",
      "Price" : "12500"
    },
    "04" : {
      "Description" : "Perro Sencillo",
      "Discount" : "0",
      "Image" : "https://scontent-sea1-1.cdninstagram.com/v/t51.2885-15/sh0.08/e35/s750x750/69613433_376686799898730_5336425378135236861_n.jpg?_nc_ht=scontent-sea1-1.cdninstagram.com&oh=45a222f95e6a52cbd40e351bc24c5634&oe=5E0C7DBA&ig_cache_key=MjEyNjQ1NjgyNDg3OTQzNDY2NA%3D%3D.2",
      "MenuId" : "02",
      "Name" : "Sencillo",
      "Price" : "4500"
    },
    "05" : {
      "Description" : "Perro Italohawaiano",
      "Discount" : "0",
      "Image" : "https://scontent-frx5-1.cdninstagram.com/vp/38e4f20b90951301ac7cbe92c4887bf8/5E48D74B/t51.2885-15/e35/53354682_112485779744173_1162248226001287722_n.jpg?_nc_ht=scontent-frx5-1.cdninstagram.com&_nc_cat=101&se=7&ig_cache_key=MjAwNjMyODA1MDg3OTcxMzk4OA%3D%3D.2",
      "MenuId" : "02",
      "Name" : "Italohawaiano",
      "Price" : "8000"
    },
    "06" : {
      "Description" : "Perro Super al estilo Dokis",
      "Discount" : "0",
      "Image" : "https://www.eltiempo.com/contenido/entretenimiento/gastronomia/IMAGEN/IMAGEN-16517506-2.jpg",
      "MenuId" : "02",
      "Name" : "Super perro Dokis",
      "Price" : "15500"
    },
    "07" : {
      "Description" : "Pizza de jamon y queso[small]",
      "Discount" : "0",
      "Image" : "http://ohhpizza.com/wp-content/uploads/pizza_jamonyqueso_sinlactosa_730x470.jpg",
      "MenuId" : "03",
      "Name" : "Jamón Queso",
      "Price" : "12500"
    },
    "08" : {
      "Description" : "Pizza de pollo y tocineta[small]",
      "Discount" : "0",
      "Image" : "https://www.cubaneandoconmario.com/wp-content/uploads/2017/10/pizza-con-pollo-y-bacon8.jpg",
      "MenuId" : "03",
      "Name" : "Pollo Tocineta",
      "Price" : "16000"
    },
    "09" : {
      "Description" : "Pizza al estilo Dokis[small]",
      "Discount" : "0",
      "Image" : "https://lh3.googleusercontent.com/w73mrCT0vVodpkLCMf2HJYsHBa8jXNFPQkzLFAeAMeoWna1xKwBpc7XVb48YNYD6_qqNJh4bfHCDoteE=w768-h768-n-o-v1",
      "MenuId" : "03",
      "Name" : "Pizza Dokis",
      "Price" : "22000"
    },
    "10" : {
      "Description" : "Picada de pollo y carne",
      "Discount" : "0",
      "Image" : "https://cdn.shopify.com/s/files/1/0739/4997/products/PIN-FAKEOUT_1424x.progressive.jpg?v=1546645613",
      "MenuId" : "04",
      "Name" : "Picada Pollo Carne",
      "Price" : "14000"
    },
    "11" : {
      "Description" : "Picada al estilo Dokis",
      "Discount" : "0",
      "Image" : "https://cdn.shopify.com/s/files/1/0739/4997/products/PIN-FAKEOUT_1424x.progressive.jpg?v=1546645613",
      "MenuId" : "04",
      "Name" : "Picada Dokis",
      "Price" : "16500"
    },
    "12" : {
      "Description" : "Picada de chorizo y butifarra",
      "Discount" : "0",
      "Image" : "https://cdn.shopify.com/s/files/1/0739/4997/products/PIN-FAKEOUT_1424x.progressive.jpg?v=1546645613",
      "MenuId" : "04",
      "Name" : "Picada Chori-Butifarra",
      "Price" : "15000"
    },
    "13" : {
      "Description" : "Patacón mixto de pollo y carne",
      "Discount" : "0",
      "Image" : "https://cuponassets.cuponatic-latam.com/backendCo/uploads/imagenes_descuentos/155667/4160fd88b4c3c6d6f4f267100ccf6f7a6fdf0a91.XL2.jpg",
      "MenuId" : "05",
      "Name" : "Patacón mixto",
      "Price" : "12500"
    },
    "14" : {
      "Description" : "3 patacones en forma de canasta, rellenados con 3 diferentes tipos",
      "Discount" : "0",
      "Image" : "https://static.wixstatic.com/media/8b77ec_7438a2d22ebf47548ed51aec80c20e7d~mv2.jpg/v1/fill/w_504,h_336,al_c,lg_1,q_85/8b77ec_7438a2d22ebf47548ed51aec80c20e7d~mv2.jpg",
      "MenuId" : "05",
      "Name" : "Patacón Dokis",
      "Price" : "15000"
    },
    "15" : {
      "Description" : "Patacón con chorizo y butifarra",
      "Discount" : "0",
      "Image" : "http://www.pataconconcon.com/wp-content/uploads/2016/12/chorituti-1-patacon-con-con-restaurante-santa-marta-domicilios.jpg",
      "MenuId" : "05",
      "Name" : "Patacón de Chorizo butifarra",
      "Price" : "12500"
    },
    "16" : {
      "Description" : "Ensalada de Pollo",
      "Discount" : "0",
      "Image" : "https://4.bp.blogspot.com/-o1SfThLJHWY/XJn9a1H6ZeI/AAAAAAAAW0o/URTHxdROhkoB67Puusc2ghv9b5UYI88FQCLcBGAs/s1600/ensaladilla%2Brusa%2Bcon%2Bpollo.jpg",
      "MenuId" : "06",
      "Name" : "Pollo",
      "Price" : "9500"
    },
    "17" : {
      "Description" : "Ensalada de Lomito",
      "Discount" : "0",
      "Image" : "http://www.recetariodelaabuela.com/images/Recetas/Asada.jpg",
      "MenuId" : "06",
      "Name" : "Lomito",
      "Price" : "10000"
    },
    "18" : {
      "Description" : "Ensalada de Chorizo",
      "Discount" : "0",
      "Image" : "https://i.ytimg.com/vi/E3UcluSbYhY/hqdefault.jpg",
      "MenuId" : "06",
      "Name" : "Chorizo",
      "Price" : "9000"
    },
    "19" : {
      "Description" : "Asado de carne",
      "Discount" : "0",
      "Image" : "https://media-cdn.tripadvisor.com/media/photo-s/0a/97/90/ac/carnes-al-carbon.jpg",
      "MenuId" : "07",
      "Name" : "Carne",
      "Price" : "18000"
    },
    "20" : {
      "Description" : "Asado de pechuga",
      "Discount" : "0",
      "Image" : "https://media-cdn.tripadvisor.com/media/photo-s/0a/97/90/1e/pollo-viene-directamente.jpg",
      "MenuId" : "07",
      "Name" : "Pechuga",
      "Price" : "18000"
    },
    "21" : {
      "Description" : "Asado Trifásico acompañado con yuca y papa al vapor",
      "Discount" : "0",
      "Image" : "https://media-cdn.tripadvisor.com/media/photo-s/0a/97/90/83/carnes-al-carbon.jpg",
      "MenuId" : "07",
      "Name" : "Trifásico",
      "Price" : "20000"
    },
    "22" : {
      "Description" : "Mazorca sencilla",
      "Discount" : "0",
      "Image" : "https://revistas.elheraldo.co/sites/default/files/styles/640x360/public/2013/10/16/articulo/92895-chuzo_6.jpg?itok=LvK_XtPt",
      "MenuId" : "08",
      "Name" : "Sencilla",
      "Price" : "8500"
    },
    "23" : {
      "Description" : "Mazorca de pollo y carne",
      "Discount" : "0",
      "Image" : "https://static-images.ifood.com.br/image/upload/f_auto,t_high/pratos/d8290af3-51a6-4b31-9426-b71813185242/201910052319_1wku_i.png",
      "MenuId" : "08",
      "Name" : "Pollo-carne",
      "Price" : "14500"
    },
    "24" : {
      "Description" : "Mazorca super especial dokis",
      "Discount" : "0",
      "Image" : "https://img-global.cpcdn.com/recipes/6411d94ccb45447d/751x532cq70/mazorca-desgranada-foto-principal.jpg",
      "MenuId" : "08",
      "Name" : "Super Especial Dokis",
      "Price" : "18000"
    },
    "25" : {
      "Description" : "Sándwich cubano",
      "Discount" : "0",
      "Image" : "https://emplatandomadrid.com/wp-content/uploads/2016/03/6-750x563.jpg",
      "MenuId" : "09",
      "Name" : "Cubano",
      "Price" : "15500"
    },
    "26" : {
      "Description" : "Sándwich de pollo y carne",
      "Discount" : "0",
      "Image" : "https://previews.123rf.com/images/funlovingvolvo/funlovingvolvo1708/funlovingvolvo170800120/83986724-sandwich-de-carne-de-pollo-fresco-charcuter%C3%ADa-lechuga-encurtidos-y-mayonesa.jpg",
      "MenuId" : "09",
      "Name" : "Especial",
      "Price" : "12000"
    },
    "27" : {
      "Description" : "Sándwich especial al estilo Dokis",
      "Discount" : "0",
      "Image" : "https://www.cubaneandoconmario.com/wp-content/uploads/2017/10/club-s%C3%A1ndwich-especial6.jpg",
      "MenuId" : "09",
      "Name" : "Especial Dokis",
      "Price" : "14000"
    },
    "28" : {
      "Description" : "Salchipapa sencilla",
      "Discount" : "0",
      "Image" : "https://i.pinimg.com/originals/58/7b/bc/587bbcdb32c5e38f68edac5d8da67896.jpg",
      "MenuId" : "10",
      "Name" : "Sencilla",
      "Price" : "7500"
    },
    "29" : {
      "Description" : "Salchipapa ranchera",
      "Discount" : "0",
      "Image" : "https://www.laeconomica.co/image/carta/la-economica-carta-mazorca_mix.jpg",
      "MenuId" : "10",
      "Name" : "Ranchera",
      "Price" : "9500"
    },
    "30" : {
      "Description" : "Salchipapa trifásica",
      "Discount" : "0",
      "Image" : "https://encrypted-tbn0.gstatic.com/images?q=tbn:ANd9GcShfOfCU7J1V2e6qgq_L6vZjkDOZWETIWU6VgU-E9-OkyU2yN3N&s",
      "MenuId" : "10",
      "Name" : "Trifásica",
      "Price" : "11000"
    },
    "31" : {
      "Description" : "Desgranado de pollo",
      "Discount" : "0",
      "Image" : "https://encrypted-tbn0.gstatic.com/images?q=tbn:ANd9GcT910zl_lDYqZc7bV7__ifaVYYUORVwQJYDVqmosseFMV3Sv6q0aQ&s",
      "MenuId" : "11",
      "Name" : "Pollo",
      "Price" : "12500"
    },
    "32" : {
      "Description" : "Desgranado de pollo y carne",
      "Discount" : "0",
      "Image" : "http://www.harveyrestaurante.com/cartagena/images/slider/0006_Maicitos_con_Lomito_y_Pollo.JPG",
      "MenuId" : "11",
      "Name" : "Pollo-carne",
      "Price" : "14000"
    },
    "33" : {
      "Description" : "Desgranado al estilo Dokis",
      "Discount" : "0",
      "Image" : "https://i.pinimg.com/originals/fa/4c/2a/fa4c2aaa30d888a7b6c71dd99885e8b9.jpg",
      "MenuId" : "11",
      "Name" : "Dokis",
      "Price" : "16500"
    },
    "34" : {
      "Description" : "Adición de papas a la francesa",
      "Discount" : "0",
      "Image" : "https://upload.wikimedia.org/wikipedia/commons/thumb/6/67/Fries_2.jpg/1200px-Fries_2.jpg",
      "MenuId" : "12",
      "Name" : "Papas francesa",
      "Price" : "5000"
    },
    "35" : {
      "Description" : "Adición de maíz",
      "Discount" : "0",
      "Image" : "https://foodmaqsrl.files.wordpress.com/2015/06/maiz-dulce-en-plato.jpg",
      "MenuId" : "12",
      "Name" : "Maíz",
      "Price" : "5500"
    },
    "36" : {
      "Description" : "Adición de queso gratinado",
      "Discount" : "0",
      "Image" : "https://encrypted-tbn0.gstatic.com/images?q=tbn:ANd9GcQfE4OzvctIanHvMeigno_MowEgkIi3qsGi1POsncgMwY6BE8ZHdg&s",
      "MenuId" : "12",
      "Name" : "Queso gratinado",
      "Price" : "3500"
    },
    "37" : {
      "Description" : "",
      "Discount" : "0",
      "Image" : "https://encrypted-tbn0.gstatic.com/images?q=tbn:ANd9GcQdg1AFfTIuHO4pFDPNOsjKp1cZzUMsSQ7ME3rWF5aaLM0doCzEbA&s",
      "MenuId" : "13",
      "Name" : "Jugos hit",
      "Price" : "5000"
    },
    "38" : {
      "Description" : "",
      "Discount" : "0",
      "Image" : "http://media.enfasis.com/adjuntos/147/imagenes/000/041/0000041734.png",
      "MenuId" : "13",
      "Name" : "Fuze tea",
      "Price" : "5000"
    },
    "39" : {
      "Description" : "",
      "Discount" : "0",
      "Image" : "https://otisushi.com/wp-content/uploads/2017/11/latas.jpg",
      "MenuId" : "13",
      "Name" : "Gaseosas",
      "Price" : "5500"
    }
  },
  "Requests" : {
    "1573800048314" : {
      "address" : "Cra 50 ",
      "foods" : [ {
        "discount" : "0",
        "price" : "15500",
        "productId" : "01",
        "productName" : "Combo de Carne",
        "quantity" : "1"
      }, {
        "discount" : "0",
        "price" : "15500",
        "productId" : "02",
        "productName" : "Combo de pollo",
        "quantity" : "1"
      } ],
      "name" : "Alejandro",
      "phone" : "3046521279",
      "total" : "¤ 31000.00"
    },
    "1573822382704" : {
      "address" : "Cra 50",
      "foods" : [ {
        "discount" : "0",
        "price" : "12500",
        "productId" : "03",
        "productName" : "Hamburguesa Dokis",
        "quantity" : "1"
      }, {
        "discount" : "0",
        "price" : "12500",
        "productId" : "07",
        "productName" : "Jamón Queso",
        "quantity" : "3"
      } ],
      "name" : "Alejandro",
      "phone" : "3046521279",
      "total" : "¤ 50000.00"
    },
    "1573837302778" : {
      "address" : "Cr 50",
      "foods" : [ {
        "discount" : "0",
        "price" : "15500",
        "productId" : "01",
        "productName" : "Combo de Carne",
        "quantity" : "1"
      } ],
      "name" : "Alejandro",
      "phone" : "3046521279",
      "total" : "¤ 15500.00"
    },
    "1574640068979" : {
      "address" : "Cra 50\n",
      "foods" : [ {
        "discount" : "0",
        "price" : "16500",
        "productId" : "33",
        "productName" : "Dokis",
        "quantity" : "1"
      } ],
      "name" : "Alejandro",
      "phone" : "3046521279",
      "total" : "¤ 16500.00"
    },
    "1574805911166" : {
      "address" : "sup baby",
      "foods" : [ {
        "discount" : "0",
        "price" : "15500",
        "productId" : "01",
        "productName" : "Combo de Carne",
        "quantity" : "2"
      }, {
        "discount" : "0",
        "price" : "16500",
        "productId" : "11",
        "productName" : "Picada Dokis",
        "quantity" : "3"
      }, {
        "discount" : "0",
        "price" : "12500",
        "productId" : "15",
        "productName" : "Chorizo butifarra",
        "quantity" : "3"
      } ],
      "name" : "Alejandro",
      "phone" : "3046521279",
      "total" : "¤ 118000.00"
    },
    "1574814179650" : {
      "address" : "hsysahsvsv",
      "foods" : [ {
        "discount" : "0",
        "price" : "15500",
        "productId" : "01",
        "productName" : "Combo de Carne",
        "quantity" : "1"
      }, {
        "discount" : "0",
        "price" : "14000",
        "productId" : "10",
        "productName" : "Picada Pollo Carne",
        "quantity" : "1"
      } ],
      "name" : "joshua",
      "phone" : "3183762807",
      "total" : "¤ 29500.00"
    },
    "1574817673909" : {
      "address" : "cra 53 # 135 - 49",
      "foods" : [ {
        "discount" : "0",
        "price" : "15500",
        "productId" : "01",
        "productName" : "Combo de Carne",
        "quantity" : "2"
      } ],
      "name" : "joshua",
      "phone" : "3183762807",
      "total" : "¤ 31000.00"
    },
    "1574817743191" : {
      "address" : "cra 53 # 135 - 49",
      "foods" : [ {
        "discount" : "0",
        "price" : "15500",
        "productId" : "01",
        "productName" : "Combo de Carne",
        "quantity" : "2"
      } ],
      "name" : "Orlando",
      "phone" : "3128211394",
      "total" : "¤ 31000.00"
    }
  },
  "User" : {
    "098123366" : {
      "name" : "El Bromas",
      "password" : "12345"
    },
    "987654321" : {
      "name" : "Hola, Orlando",
      "password" : "1234"
    },
    "0988123344" : {
      "Name" : "Eddydn",
      "Password" : "1234"
    },
    "0988123355" : {
      "Name" : "Alejandro",
      "Password" : "1357"
    },
    "3003223469" : {
      "name" : "Bruh",
      "password" : "1234567"
    },
    "3046521279" : {
      "name" : "Alejandro",
      "password" : "inazuma11"
    },
    "3128211394" : {
      "name" : "Orlando ",
      "password" : "1234"
    },
    "3183762807" : {
      "name" : "joshua",
      "password" : "12345"
    }
  }
}
